{"cameraMode":{"drawMode":0,"name":"Shaded","section":"Shading Mode"},"sceneLighting":true,"audioPlay":false,"sceneViewState":{"m_AlwaysRefresh":false,"showFog":true,"showSkybox":true,"showFlares":true,"showImageEffects":true,"showParticleSystems":true,"showVisualEffectGraphs":true,"m_FxEnabled":true},"in2DMode":false,"pivot":{"x":207.60205078125,"y":3.0778627395629885,"z":346.21990966796877},"rotation":{"x":-0.1763758361339569,"y":-0.008271032944321633,"z":0.0014820429496467114,"w":-0.9842871427536011},"size":1.930840015411377,"orthographic":false}